Name,Residential Address,Text,Photo,Signature1,Object Detection,Time
Arun prasad,,24-Jul-2023,,,"",15:22:32
sdf sdf sdaf,,25-Jan-2023,,,"",
asFDQ FE,,23-Jul-2023,,,"",00:37:59
KSHFBD QKHGQEKHFG,,23-Jul-2023,,,"",00:38:35
sdf sdf sdaf,,25-Jan-2023,,,"",
asFDQ FE,,23-Jul-2023,,,"",00:37:59
Mr. saravanan J dasf,"17,, Holloween, Chennai, Tamilnadu, 603202, India",Hello world,/sharedBy/appLinkName/viewLinkName/fieldName/image/1568891915616_2.png,,"person,glasses",
KSHFBD QKHGQEKHFG,,23-Jul-2023,,,"",00:38:35
Vignesh M,"17,, Holloween, Chennai, Tamilnadu, 603202, India",Hello world,/sharedBy/appLinkName/viewLinkName/fieldName/image/1562218987086_1.png,,"",
szgdxfhcgvj qwretdryfgh,,26-Jul-2023,,,"",13:25:28
,,,,,"",
Vignesh M,"17,, Holloween, Chennai, Tamilnadu, 603202, India",Hello world,/sharedBy/appLinkName/viewLinkName/fieldName/image/1562218987086_1.png,,"",
sdf sdf sdaf,,25-Jan-2023,,,"",
Vignesh M,"17,, Holloween, Chennai, Tamilnadu, 603202, India",Hello world,/sharedBy/appLinkName/viewLinkName/fieldName/image/1568891915616_2.png,,"",
asFDQ FE,,23-Jul-2023,,,"",00:37:59
saravanan J,"17,, Holloween, Chennai, Tamilnadu, 603202, India",Hello world,/sharedBy/appLinkName/viewLinkName/fieldName/image/1562218987086_1.png,,"",
KSHFBD QKHGQEKHFG,,23-Jul-2023,,,"",00:38:35
Vignesh M,"17,, Holloween, Chennai, Tamilnadu, 603202, India",Hello world,/sharedBy/appLinkName/viewLinkName/fieldName/image/1568892035562_9.png,,"",
sdf sdf sdaf,,25-Jan-2023,,,"",
asFDQ FE,,23-Jul-2023,,,"",00:37:59
Vignesh M,"17,, Holloween, Chennai, Tamilnadu, 603202, India",Hello world,/sharedBy/appLinkName/viewLinkName/fieldName/image/1568892035562_9.png,,"",
,,23-Jul-2023,,,"",00:38:35
Mr. John Doe Marketer,"17,, Holloween, Chennai, Tamilnadu, 603202, India",Hello world,/sharedBy/appLinkName/viewLinkName/fieldName/image/1648722519443_1.png,,"",
Mr. sdf sdf sdaf,,25-Jan-2023,,,"",
asFDQ FE,,23-Jul-2023,,,"",00:37:59
KSHFBD QKHGQEKHFG,,23-Jul-2023,,,"",00:38:35
sdf sdf sdaf,,25-Jan-2023,,,"",
asFDQ FE,,23-Jul-2023,,,"",00:37:59
KSHFBD QKHGQEKHFG,,23-Jul-2023,,,"",00:38:35
sdf sdf sdaf,,25-Jan-2023,,,"",
asFDQ FE,,23-Jul-2023,,,"",00:37:59
KSHFBD QKHGQEKHFG,,23-Jul-2023,,,"",00:38:35
sdf sdf sdaf,,25-Jan-2023,,,"",
asFDQ FE,,23-Jul-2023,,,"",00:37:59
KSHFBD QKHGQEKHFG,,23-Jul-2023,,,"",00:38:35
ngdhgddsfdafda` dsgrsgr,,24-Jul-2023,,,"",15:17:24
asdfgh wdfghj,,24-Jul-2023,,,"",15:21:25
Mr. Vignesh Murugan Bca,"426, 2nd cross, Hosur, Tamilnadu, 603202, India",Chennai,/sharedBy/appLinkName/viewLinkName/fieldName/image/1583819157063_Photo_10-Mar-2020_11_15_52.jpg,,"",
Mr. Vignesh Murugan Bca,"426, 2nd cross, Hosur, Tamilnadu, 603202, India",Chennai,/sharedBy/appLinkName/viewLinkName/fieldName/image/1583819157063_Photo_10-Mar-2020_11_15_52.jpg,,"",
Mr. Vignesh Murugan Bca,"426, 2nd cross, Hosur, Tamilnadu, 603202, India",Chennai,/sharedBy/appLinkName/viewLinkName/fieldName/image/1583819157063_Photo_10-Mar-2020_11_15_52.jpg,,"",
Mr. Vignesh Murugan Bca,"426, 2nd cross, Hosur, Tamilnadu, 603202, India",Chennai,/sharedBy/appLinkName/viewLinkName/fieldName/image/1583819157063_Photo_10-Mar-2020_11_15_52.jpg,,"",
Mr. Vignesh Murugan Bca,"426, 2nd cross, Hosur, Tamilnadu, 603202, India",Chennai,,,"",
